SectionIndex,CourseIndex,CourseName,Category,Keyword,Delivery,Location,FormatedStartDate,FormatedEndDate,StartDate,EndDate,Credits,Cost,Price,FormatedCost,Teachers,Teachers2,AvailableForRegistration,CapAvailable,Cap,Enrolled,MeetingTimeDisplay,PublicNotes,DirectUrl,RegistrationPageUrl,RegistrationUrl,SourceUrl,Description
3571,1254,"Implementing MOUD: Pain Management, Opioid Use, and Addiction in Alaska","Health and Behavioral Health",,On-Demand,*Online,Ongoing,Ongoing,,,0,,,,"Bekah Meyer, Dustin Muse, Aaron Walbrecher","Meyer, Bekah; Muse, Dustin; Walbrecher, Aaron",true,9971,9999,0,,"This self-paced online training equips healthcare providers with comprehensive, evidence-based knowledge and skills to deliver compassionate, inclusive care for individuals with Opioid Use Disorder (OUD) while effectively managing related pain. The course covers opioid pharmacology, pain management principles, Medications for Opioid Use Disorder (MOUD), ethical care, stigma reduction, and coordinated recovery support through interactive lessons featuring clinical scenarios, knowledge checks, and reflective prompts.",https://continuingstudies.alaska.edu/Registration.aspx?AffiliateID=6Q68Q3&FilterSectionIndex=3571,https://continuingstudies.alaska.edu/Registration.aspx?AffiliateID=6Q68Q3,https://continuingstudies.alaska.edu/Registration.aspx?AffiliateID=6Q68Q3&FilterSectionIndex=3571,https://continuingstudies.alaska.edu/Registration.aspx?AffiliateID=6Q68Q3,"Part 1 of 3 with a focus on MOUD"
3785,1297,"Presentation and Management of Pediatric Acute-Onset Neuropsychiatric Syndrome (PANS)","Health and Behavioral Health",,On-Demand,*Online,Ongoing,Ongoing,,,0,,,,"Instructor Varied","Varied, Instructor",false,9999,9999,0,,,https://continuingstudies.alaska.edu/Registration.aspx?AffiliateID=6Q68Q3&FilterSectionIndex=3785,https://continuingstudies.alaska.edu/Registration.aspx?AffiliateID=6Q68Q3,https://continuingstudies.alaska.edu/Registration.aspx?AffiliateID=6Q68Q3&FilterSectionIndex=3785,https://continuingstudies.alaska.edu/Registration.aspx?AffiliateID=6Q68Q3,"CE Available; learn about PANDAS and PANS"
1315,660,"A Narrow Window of Opportunity: Diagnosis and Management of Rheumatoid Arthritis in Underserved Populations","Health and Behavioral Health","RA, Arthritis, Rheumatoid, CME, Continuing Education, On Demand",,*Online,Ongoing,Ongoing,,,0,,,,"Instructor Varied","Varied, Instructor",false,9999,9999,0,,,https://continuingstudies.alaska.edu/Registration.aspx?AffiliateID=6Q68Q3&FilterSectionIndex=1315,https://continuingstudies.alaska.edu/Registration.aspx?AffiliateID=6Q68Q3,https://continuingstudies.alaska.edu/Registration.aspx?AffiliateID=6Q68Q3&FilterSectionIndex=1315,https://continuingstudies.alaska.edu/Registration.aspx?AffiliateID=6Q68Q3,"Education and Resources for Primary Care Physicians"
4538,1399,"ACFTA Live Sessions 2026 - August (dates TBD) (Remote via Zoom)","Health and Behavioral Health","ACFTA, Forensic, Alaska","Live / Online",*Online,Ongoing,Ongoing,,,0,75,,$75.00,"Angelia Trujillo","Trujillo, Angelia",true,24,24,0,,"This registration is for the live session. The online session (Part 1) must be complete at least 2 days prior to the live session. This course is in August 2026 (final dates TBD), from 8am-5pm.",https://continuingstudies.alaska.edu/Registration.aspx?AffiliateID=6Q68Q3&FilterSectionIndex=4538,https://continuingstudies.alaska.edu/Registration.aspx?AffiliateID=6Q68Q3,https://continuingstudies.alaska.edu/Registration.aspx?AffiliateID=6Q68Q3&FilterSectionIndex=4538,https://continuingstudies.alaska.edu/Registration.aspx?AffiliateID=6Q68Q3,"Learn trauma informed forensic evidence collection."
5,5,"Addiction Technology Transfer Center Network","Health and Behavioral Health","addiction, opioids, CME",On-Demand,,Ongoing,Ongoing,,,0,,,,"Instructor Varied","Varied, Instructor",false,8921,9999,0,,,https://continuingstudies.alaska.edu/Registration.aspx?AffiliateID=6Q68Q3&FilterSectionIndex=5,https://continuingstudies.alaska.edu/Registration.aspx?AffiliateID=6Q68Q3,https://continuingstudies.alaska.edu/Registration.aspx?AffiliateID=6Q68Q3&FilterSectionIndex=5,https://continuingstudies.alaska.edu/Registration.aspx?AffiliateID=6Q68Q3,"Courses for addictions treatment and recovery services."
189,151,"Addressing COVID-19 Vaccine Hesitancy: Pregnant Individuals & Other Vulnerable Populations","Health and Behavioral Health","COVID-19, Vaccine",On-Demand,,Ongoing,Ongoing,,,0,,,,"Instructor Varied","Varied, Instructor",false,9999,9999,0,,,https://continuingstudies.alaska.edu/Registration.aspx?AffiliateID=6Q68Q3&FilterSectionIndex=189,https://continuingstudies.alaska.edu/Registration.aspx?AffiliateID=6Q68Q3,https://continuingstudies.alaska.edu/Registration.aspx?AffiliateID=6Q68Q3&FilterSectionIndex=189,https://continuingstudies.alaska.edu/Registration.aspx?AffiliateID=6Q68Q3,"Addressing Vaccine Hesitancy in Vulnerable Populations"
4076,1357,"Addressing Substance Use in Rural Alaska","Health and Behavioral Health","Substance Use, Rural, Alaska, Continuing Education, CE",On-Demand,*Online,Ongoing,Ongoing,,,0,,,,"Katy Wright, Bekah Meyer, Dustin Muse, Aaron Walbrecher","Wright, Katy; Meyer, Bekah; Muse, Dustin; Walbrecher, Aaron",true,9961,9999,0,,,https://continuingstudies.alaska.edu/Registration.aspx?AffiliateID=6Q68Q3&FilterSectionIndex=4076,https://continuingstudies.alaska.edu/Registration.aspx?AffiliateID=6Q68Q3,https://continuingstudies.alaska.edu/Registration.aspx?AffiliateID=6Q68Q3&FilterSectionIndex=4076,https://continuingstudies.alaska.edu/Registration.aspx?AffiliateID=6Q68Q3,"Asynchronous training focused on rural Alaska. CE available"
3717,1284,"AHHA - OB Care in the Emergency Department: How the ED Nurse Can “Deliver”","Health and Behavioral Health",,On-Demand,*Online,Ongoing,Ongoing,,,0,,,,"Instructor Varied","Varied, Instructor",false,9999,9999,0,,,https://continuingstudies.alaska.edu/Registration.aspx?AffiliateID=6Q68Q3&FilterSectionIndex=3717,https://continuingstudies.alaska.edu/Registration.aspx?AffiliateID=6Q68Q3,https://continuingstudies.alaska.edu/Registration.aspx?AffiliateID=6Q68Q3&FilterSectionIndex=3717,https://continuingstudies.alaska.edu/Registration.aspx?AffiliateID=6Q68Q3,"AHHA On-demand training. CEUs available!"
3716,1283,"AHHA - Pediatric Assessment and Emergencies","Health and Behavioral Health",,On-Demand,*Online,Ongoing,Ongoing,,,0,,,,"Instructor Varied","Varied, Instructor",false,9999,9999,0,,,https://continuingstudies.alaska.edu/Registration.aspx?AffiliateID=6Q68Q3&FilterSectionIndex=3716,https://continuingstudies.alaska.edu/Registration.aspx?AffiliateID=6Q68Q3,https://continuingstudies.alaska.edu/Registration.aspx?AffiliateID=6Q68Q3&FilterSectionIndex=3716,https://continuingstudies.alaska.edu/Registration.aspx?AffiliateID=6Q68Q3,"AHHA Self-Paced Modules. CEUs available!"
1322,666,"Alaska Commission for Behavioral Health Certification - Curated Resource List","Health and Behavioral Health","Certification, CE, Mental Health, Resources, Webinars","Live / Online",*Online,Ongoing,Ongoing,,,0,,,,"Instructor Varied","Varied, Instructor",false,9999,9999,0,,,https://continuingstudies.alaska.edu/Registration.aspx?AffiliateID=6Q68Q3&FilterSectionIndex=1322,https://continuingstudies.alaska.edu/Registration.aspx?AffiliateID=6Q68Q3,https://continuingstudies.alaska.edu/Registration.aspx?AffiliateID=6Q68Q3&FilterSectionIndex=1322,https://continuingstudies.alaska.edu/Registration.aspx?AffiliateID=6Q68Q3,"A curated list from the Alaska Commission for Behavioral Health"
185,149,"Alaska Mandatory Child Abuse Reporter Training","Health and Behavioral Health","Alaska, OCS, Mandated Reporter",On-Demand,,Ongoing,Ongoing,,,0,,,,"Instructor Varied","Varied, Instructor",false,9998,9999,0,,,https://continuingstudies.alaska.edu/Registration.aspx?AffiliateID=6Q68Q3&FilterSectionIndex=185,https://continuingstudies.alaska.edu/Registration.aspx?AffiliateID=6Q68Q3,https://continuingstudies.alaska.edu/Registration.aspx?AffiliateID=6Q68Q3&FilterSectionIndex=185,https://continuingstudies.alaska.edu/Registration.aspx?AffiliateID=6Q68Q3,"Mandated Reporter Training from Alaska OCS"
1367,692,"Alaska Medical Library","Community Education and Personal Enrichment","Library, Support, Community, Research",,"*Online - Hybrid",Ongoing,Ongoing,,,0,,,,"Instructor Varied","Varied, Instructor",false,9999,9999,0,,,https://continuingstudies.alaska.edu/Registration.aspx?AffiliateID=6Q68Q3&FilterSectionIndex=1367,https://continuingstudies.alaska.edu/Registration.aspx?AffiliateID=6Q68Q3,https://continuingstudies.alaska.edu/Registration.aspx?AffiliateID=6Q68Q3&FilterSectionIndex=1367,https://continuingstudies.alaska.edu/Registration.aspx?AffiliateID=6Q68Q3,"The Alaska Medical Library stands by to support you!"
4305,1416,"Alaska Medication for Addiction Treatment Guide 3rd Edition Training Modules","Health and Behavioral Health","MAT, ECHO, AK",On-Demand,*Online,Ongoing,Ongoing,,,0,,,,"Instructor Varied, Dustin Muse","Varied, Instructor; Muse, Dustin",true,9989,9999,0,,,https://continuingstudies.alaska.edu/Registration.aspx?AffiliateID=6Q68Q3&FilterSectionIndex=4305,https://continuingstudies.alaska.edu/Registration.aspx?AffiliateID=6Q68Q3,https://continuingstudies.alaska.edu/Registration.aspx?AffiliateID=6Q68Q3&FilterSectionIndex=4305,https://continuingstudies.alaska.edu/Registration.aspx?AffiliateID=6Q68Q3,"Earn CEUs in this on-demand training focused on MAT!"
1082,550,"Alaska Peer Specialist Training and Support","Health and Behavioral Health","Peer, Support, Mental Health",Hybrid,"*Online - Hybrid",Ongoing,Ongoing,,,0,,,,"Instructor Varied","Varied, Instructor",false,9999,9999,0,,,https://continuingstudies.alaska.edu/Registration.aspx?AffiliateID=6Q68Q3&FilterSectionIndex=1082,https://continuingstudies.alaska.edu/Registration.aspx?AffiliateID=6Q68Q3,https://continuingstudies.alaska.edu/Registration.aspx?AffiliateID=6Q68Q3&FilterSectionIndex=1082,https://continuingstudies.alaska.edu/Registration.aspx?AffiliateID=6Q68Q3,"Earn CEU's and certifications as a Peer Support Specialist"
1334,674,"Alaska Pharmacy Association - Home Study CE","Health and Behavioral Health","Pharmacy, Continuing Education, CE, Alaska",On-Demand,*Online,Ongoing,Ongoing,,,0,,,,"Instructor Varied","Varied, Instructor",false,30,30,0,,,https://continuingstudies.alaska.edu/Registration.aspx?AffiliateID=6Q68Q3&FilterSectionIndex=1334,https://continuingstudies.alaska.edu/Registration.aspx?AffiliateID=6Q68Q3,https://continuingstudies.alaska.edu/Registration.aspx?AffiliateID=6Q68Q3&FilterSectionIndex=1334,https://continuingstudies.alaska.edu/Registration.aspx?AffiliateID=6Q68Q3,"The APA has resources to help you obtain your pharmacy CEs!"
35,36,"Alaska Primary Care Association Community Health Worker ECHO","Health and Behavioral Health",,"Live / Online",,Ongoing,Ongoing,,,0,,,,"Instructor Varied","Varied, Instructor",false,9998,9999,0,,,https://continuingstudies.alaska.edu/Registration.aspx?AffiliateID=6Q68Q3&FilterSectionIndex=35,https://continuingstudies.alaska.edu/Registration.aspx?AffiliateID=6Q68Q3,https://continuingstudies.alaska.edu/Registration.aspx?AffiliateID=6Q68Q3&FilterSectionIndex=35,https://continuingstudies.alaska.edu/Registration.aspx?AffiliateID=6Q68Q3,"CHW ECHO last Tuesday of the month 4-5pm"
30,24,"Alaska Tribal Perspective on COVID-19 Vaccination Efforts","Health and Behavioral Health","vaccine, Alaska Native, continuing education credits, Alaska",On-Demand,,Ongoing,Ongoing,,,0,,,,"Instructor Varied","Varied, Instructor",false,9996,9999,0,,,https://continuingstudies.alaska.edu/Registration.aspx?AffiliateID=6Q68Q3&FilterSectionIndex=30,https://continuingstudies.alaska.edu/Registration.aspx?AffiliateID=6Q68Q3,https://continuingstudies.alaska.edu/Registration.aspx?AffiliateID=6Q68Q3&FilterSectionIndex=30,https://continuingstudies.alaska.edu/Registration.aspx?AffiliateID=6Q68Q3,"Successful strategies for COVID-19 vaccine distribution in AK."
3800,1307,"Alaskan Mobile Crisis Responder: Essential Skills and Strategies for Challenging Conditions","Health and Behavioral Health",,On-Demand,*Online,Ongoing,Ongoing,,,0,,,,"Katy Wright, Bekah Meyer, Dustin Muse, Aaron Walbrecher","Wright, Katy; Meyer, Bekah; Muse, Dustin; Walbrecher, Aaron",true,9924,9999,0,,,https://continuingstudies.alaska.edu/Registration.aspx?AffiliateID=6Q68Q3&FilterSectionIndex=3800,https://continuingstudies.alaska.edu/Registration.aspx?AffiliateID=6Q68Q3,https://continuingstudies.alaska.edu/Registration.aspx?AffiliateID=6Q68Q3&FilterSectionIndex=3800,https://continuingstudies.alaska.edu/Registration.aspx?AffiliateID=6Q68Q3,"Mobile Crisis Response Training: Online CEs Available!"
1333,673,"American Dental Association - Continuing Education Learning Platform","Health and Behavioral Health","Dental, ADA, CE, Continuing Education",On-Demand,*Online,Ongoing,Ongoing,,,0,,,,"Instructor Varied","Varied, Instructor",false,9999,9999,0,,,https://continuingstudies.alaska.edu/Registration.aspx?AffiliateID=6Q68Q3&FilterSectionIndex=1333,https://continuingstudies.alaska.edu/Registration.aspx?AffiliateID=6Q68Q3,https://continuingstudies.alaska.edu/Registration.aspx?AffiliateID=6Q68Q3&FilterSectionIndex=1333,https://continuingstudies.alaska.edu/Registration.aspx?AffiliateID=6Q68Q3,"The ADA supports CE with many low-or-no cost CE options!"
1310,657,"American Nurses Credentialing Center - GeroNursePrep","Health and Behavioral Health","Nursing, CE, Geriatric, Credentials",On-Demand,*Online,Ongoing,Ongoing,,,0,,,,"Instructor Varied","Varied, Instructor",false,9999,9999,0,,,https://continuingstudies.alaska.edu/Registration.aspx?AffiliateID=6Q68Q3&FilterSectionIndex=1310,https://continuingstudies.alaska.edu/Registration.aspx?AffiliateID=6Q68Q3,https://continuingstudies.alaska.edu/Registration.aspx?AffiliateID=6Q68Q3&FilterSectionIndex=1310,https://continuingstudies.alaska.edu/Registration.aspx?AffiliateID=6Q68Q3,"Become board certified in Gerontological Nursing. 30 ANCC hours"
8,8,"American Society of Addiction Medicine (ASAM) E-Learning Center","Health and Behavioral Health","addiction, opioids, CME",,,Ongoing,Ongoing,,,0,,,,"Instructor Varied","Varied, Instructor",false,9999,9999,0,,,https://continuingstudies.alaska.edu/Registration.aspx?AffiliateID=6Q68Q3&FilterSectionIndex=8,https://continuingstudies.alaska.edu/Registration.aspx?AffiliateID=6Q68Q3,https://continuingstudies.alaska.edu/Registration.aspx?AffiliateID=6Q68Q3&FilterSectionIndex=8,https://continuingstudies.alaska.edu/Registration.aspx?AffiliateID=6Q68Q3,"This is the portal for all of ASAM's educational offerings."
4038,1343,"An Introduction to Academic Detailing","Health and Behavioral Health","MOUD, Continuing Education, Academic Detailing",On-Demand,*Online,Ongoing,Ongoing,,,0,,,,"Bekah Meyer, Dustin Muse, Aaron Walbrecher","Meyer, Bekah; Muse, Dustin; Walbrecher, Aaron",true,9991,9999,0,,,https://continuingstudies.alaska.edu/Registration.aspx?AffiliateID=6Q68Q3&FilterSectionIndex=4038,https://continuingstudies.alaska.edu/Registration.aspx?AffiliateID=6Q68Q3,https://continuingstudies.alaska.edu/Registration.aspx?AffiliateID=6Q68Q3&FilterSectionIndex=4038,https://continuingstudies.alaska.edu/Registration.aspx?AffiliateID=6Q68Q3,"An introduction to Academic Detailing. CEs available"
963,530,"ANTHC Presents: AK ID ECHO: HCV, HIV, PrEP and common STIs","Health and Behavioral Health","ANTHC,ECHO,STI,STD,HCV,HIV","Live / Online",*Online,Ongoing,Ongoing,,,0,,,,NA,"TBD, TBD",false,9999,9999,0,,,https://continuingstudies.alaska.edu/Registration.aspx?AffiliateID=6Q68Q3&FilterSectionIndex=963,https://continuingstudies.alaska.edu/Registration.aspx?AffiliateID=6Q68Q3,https://continuingstudies.alaska.edu/Registration.aspx?AffiliateID=6Q68Q3&FilterSectionIndex=963,https://continuingstudies.alaska.edu/Registration.aspx?AffiliateID=6Q68Q3,"ANTHC's ECHO Series focusing on prevention of STIs"
966,531,"ANTHC Presents: LiverConnect ECHO","Health and Behavioral Health","Liver Disease, Liver, ECHO",,*Online,Ongoing,Ongoing,,,0,,,,"Instructor Varied","Varied, Instructor",false,9999,9999,0,,,https://continuingstudies.alaska.edu/Registration.aspx?AffiliateID=6Q68Q3&FilterSectionIndex=966,https://continuingstudies.alaska.edu/Registration.aspx?AffiliateID=6Q68Q3,https://continuingstudies.alaska.edu/Registration.aspx?AffiliateID=6Q68Q3&FilterSectionIndex=966,https://continuingstudies.alaska.edu/Registration.aspx?AffiliateID=6Q68Q3,"Discuss holistics, best practices, and panel discussions"
3067,1131,"APCA Presents: No-Cost Employer Opportunities in APCA Workforce Training Program","Health and Behavioral Health",,On-Demand,*Online,Ongoing,Ongoing,,,0,,,,"Instructor Varied","Varied, Instructor",false,9999,9999,0,,,https://continuingstudies.alaska.edu/Registration.aspx?AffiliateID=6Q68Q3&FilterSectionIndex=3067,https://continuingstudies.alaska.edu/Registration.aspx?AffiliateID=6Q68Q3,https://continuingstudies.alaska.edu/Registration.aspx?AffiliateID=6Q68Q3&FilterSectionIndex=3067,https://continuingstudies.alaska.edu/Registration.aspx?AffiliateID=6Q68Q3,"Learn to develop and grow your workforce!"
775,430,"Building Vaccine Confidence in Alaska","Health and Behavioral Health","Vaccine, Confidence, Public Health, Continuing Education",On-Demand,*Online,Ongoing,Ongoing,,,0,,,,"Dustin Muse, Jennifer Meyer","Muse, Dustin; Meyer, Jennifer",true,9834,9999,0,,,https://continuingstudies.alaska.edu/Registration.aspx?AffiliateID=6Q68Q3&FilterSectionIndex=775,https://continuingstudies.alaska.edu/Registration.aspx?AffiliateID=6Q68Q3,https://continuingstudies.alaska.edu/Registration.aspx?AffiliateID=6Q68Q3&FilterSectionIndex=775,https://continuingstudies.alaska.edu/Registration.aspx?AffiliateID=6Q68Q3,"Presented by UAA: Building Vaccine Confidence in Alaska"
4498,1377,"CALS 2026 - MD/DO/PA/NP - October 2026","Health and Behavioral Health","CALS, Comprehensive","Live / In-Person",,Ongoing,Ongoing,,,0,1650,,"$1,650.00","Dustin Muse, Charles Wengenroth","Muse, Dustin; Wengenroth, Charles",true,16,18,0,,"This is the registration for MD/DO/PA/NPs.",https://continuingstudies.alaska.edu/Registration.aspx?AffiliateID=6Q68Q3&FilterSectionIndex=4498,https://continuingstudies.alaska.edu/Registration.aspx?AffiliateID=6Q68Q3,https://continuingstudies.alaska.edu/Registration.aspx?AffiliateID=6Q68Q3&FilterSectionIndex=4498,https://continuingstudies.alaska.edu/Registration.aspx?AffiliateID=6Q68Q3,"Register for CALS Training, January 23-25, 2026"
4499,1377,"CALS 2026 - RN/Paramedic - October 2026","Health and Behavioral Health","CALS, Comprehensive","Live / In-Person",,Ongoing,Ongoing,,,0,1200,,"$1,200.00","Dustin Muse, Charles Wengenroth","Muse, Dustin; Wengenroth, Charles",false,4,6,0,,"This is the registration for RN/Paramedics.",https://continuingstudies.alaska.edu/Registration.aspx?AffiliateID=6Q68Q3&FilterSectionIndex=4499,https://continuingstudies.alaska.edu/Registration.aspx?AffiliateID=6Q68Q3,https://continuingstudies.alaska.edu/Registration.aspx?AffiliateID=6Q68Q3&FilterSectionIndex=4499,https://continuingstudies.alaska.edu/Registration.aspx?AffiliateID=6Q68Q3,"Register for CALS Training, January 23-25, 2026"
1224,607,"Center for Human Development Presents: Project ECHO","Health and Behavioral Health","ECHO, Learning, Community","Live / Online",*Online,Ongoing,Ongoing,,,0,,,,"Instructor Varied","Varied, Instructor",false,9999,9999,0,,,https://continuingstudies.alaska.edu/Registration.aspx?AffiliateID=6Q68Q3&FilterSectionIndex=1224,https://continuingstudies.alaska.edu/Registration.aspx?AffiliateID=6Q68Q3,https://continuingstudies.alaska.edu/Registration.aspx?AffiliateID=6Q68Q3&FilterSectionIndex=1224,https://continuingstudies.alaska.edu/Registration.aspx?AffiliateID=6Q68Q3,"Participate in CHD's wealth of ECHOs, crossing various topics!"
22,21,"Chronic Pain Core Curriculum - PCSS","Health and Behavioral Health",,,,Ongoing,Ongoing,,,0,,,,"Instructor Varied","Varied, Instructor",false,29,30,0,,,https://continuingstudies.alaska.edu/Registration.aspx?AffiliateID=6Q68Q3&FilterSectionIndex=22,https://continuingstudies.alaska.edu/Registration.aspx?AffiliateID=6Q68Q3,https://continuingstudies.alaska.edu/Registration.aspx?AffiliateID=6Q68Q3&FilterSectionIndex=22,https://continuingstudies.alaska.edu/Registration.aspx?AffiliateID=6Q68Q3,"Treating chronic pain with evidence based prescribing curriculu"
1134,561,"Cultural Foundations for Healthcare Providers in Alaska","Health and Behavioral Health","Alaska, Culture, Foundations, Alaska Native, On-Demand",On-Demand,*Online,Ongoing,Ongoing,,,0,,,,"Katy Wright, Dustin Muse","Wright, Katy; Muse, Dustin",true,9749,9999,0,,,https://continuingstudies.alaska.edu/Registration.aspx?AffiliateID=6Q68Q3&FilterSectionIndex=1134,https://continuingstudies.alaska.edu/Registration.aspx?AffiliateID=6Q68Q3,https://continuingstudies.alaska.edu/Registration.aspx?AffiliateID=6Q68Q3&FilterSectionIndex=1134,https://continuingstudies.alaska.edu/Registration.aspx?AffiliateID=6Q68Q3,"Cultural Foundations in AK for Healthcare providers & students"
4033,1338,"Cultural Humility in Behavioral Health Care","Health and Behavioral Health",,On-Demand,*Online,Ongoing,Ongoing,,,0,0,,$0.00,"Instructor Varied","Varied, Instructor",false,9999,9999,0,,,https://continuingstudies.alaska.edu/Registration.aspx?AffiliateID=6Q68Q3&FilterSectionIndex=4033,https://continuingstudies.alaska.edu/Registration.aspx?AffiliateID=6Q68Q3,https://continuingstudies.alaska.edu/Registration.aspx?AffiliateID=6Q68Q3&FilterSectionIndex=4033,https://continuingstudies.alaska.edu/Registration.aspx?AffiliateID=6Q68Q3,"Enhance ability to provide culturally responsive care in BH"
4034,1339,"Empowering Recovery: Ethics & Collaborative Decision-Making in Behavioral Health","Health and Behavioral Health",,On-Demand,*Online,Ongoing,Ongoing,,,2,0,,$0.00,"Instructor Varied","Varied, Instructor",false,9999,9999,0,,,https://continuingstudies.alaska.edu/Registration.aspx?AffiliateID=6Q68Q3&FilterSectionIndex=4034,https://continuingstudies.alaska.edu/Registration.aspx?AffiliateID=6Q68Q3,https://continuingstudies.alaska.edu/Registration.aspx?AffiliateID=6Q68Q3&FilterSectionIndex=4034,https://continuingstudies.alaska.edu/Registration.aspx?AffiliateID=6Q68Q3,"Learn to integrate ethical principals to BH practice"
4108,1366,"Ethics and Confidentiality For Peer Supervisors","Health and Behavioral Health","Ethics, Peer Support, Confidentiality",On-Demand,*Online,Ongoing,Ongoing,,,0,,,,"Dustin Muse","Muse, Dustin",true,9990,9999,0,,,https://continuingstudies.alaska.edu/Registration.aspx?AffiliateID=6Q68Q3&FilterSectionIndex=4108,https://continuingstudies.alaska.edu/Registration.aspx?AffiliateID=6Q68Q3,https://continuingstudies.alaska.edu/Registration.aspx?AffiliateID=6Q68Q3&FilterSectionIndex=4108,https://continuingstudies.alaska.edu/Registration.aspx?AffiliateID=6Q68Q3,"Ethics, confidentiality, and values for peer specialists"
1370,694,"Facility Assessments 101: The Driver of Resources, Training, and Competencies","Health and Behavioral Health","Facilities, Assessments, Regulations, CE",On-Demand,*Online,Ongoing,Ongoing,,,0,,,,"Instructor Varied","Varied, Instructor",false,9999,9999,0,,,https://continuingstudies.alaska.edu/Registration.aspx?AffiliateID=6Q68Q3&FilterSectionIndex=1370,https://continuingstudies.alaska.edu/Registration.aspx?AffiliateID=6Q68Q3,https://continuingstudies.alaska.edu/Registration.aspx?AffiliateID=6Q68Q3&FilterSectionIndex=1370,https://continuingstudies.alaska.edu/Registration.aspx?AffiliateID=6Q68Q3,"Review how to complete a facility assessment - Earn NAB CEs!"
928,512,"FASD Basics: Presented by the State of Alaska Department of Public Health","Health and Behavioral Health","Fetal Alcohol Spectrum Disorder, FASD",On-Demand,*Online,Ongoing,Ongoing,,,0,,,,NA,"TBD, TBD",false,9999,9999,0,,,https://continuingstudies.alaska.edu/Registration.aspx?AffiliateID=6Q68Q3&FilterSectionIndex=928,https://continuingstudies.alaska.edu/Registration.aspx?AffiliateID=6Q68Q3,https://continuingstudies.alaska.edu/Registration.aspx?AffiliateID=6Q68Q3&FilterSectionIndex=928,https://continuingstudies.alaska.edu/Registration.aspx?AffiliateID=6Q68Q3,"Discuss factors contributing FASD diagnosis increases"
931,515,"FASD: DSM Diagnoses: Presented by the State of Alaska Department of Health","Health and Behavioral Health","Fetal Alcohol Spectrum Disorder, FASD",On-Demand,*Online,Ongoing,Ongoing,,,0,,,,NA,"TBD, TBD",false,9999,9999,0,,,https://continuingstudies.alaska.edu/Registration.aspx?AffiliateID=6Q68Q3&FilterSectionIndex=931,https://continuingstudies.alaska.edu/Registration.aspx?AffiliateID=6Q68Q3,https://continuingstudies.alaska.edu/Registration.aspx?AffiliateID=6Q68Q3&FilterSectionIndex=931,https://continuingstudies.alaska.edu/Registration.aspx?AffiliateID=6Q68Q3,"Discuss common DSM Diagnoses regarding FASD"
932,516,"FASD: How to Provide Accommodations in Behavioral Health Services: Presented by the State of Alaska Department of Health","Health and Behavioral Health","Fetal Alcohol Spectrum Disorder, FASD",On-Demand,*Online,Ongoing,Ongoing,,,0,,,,NA,"TBD, TBD",false,9999,9999,0,,,https://continuingstudies.alaska.edu/Registration.aspx?AffiliateID=6Q68Q3&FilterSectionIndex=932,https://continuingstudies.alaska.edu/Registration.aspx?AffiliateID=6Q68Q3,https://continuingstudies.alaska.edu/Registration.aspx?AffiliateID=6Q68Q3&FilterSectionIndex=932,https://continuingstudies.alaska.edu/Registration.aspx?AffiliateID=6Q68Q3,"Examine behavioral clinical interventions for treating FASD"
929,513,"FASD: How to Screen for Prenatal Alcohol Exposure: Presented by the State of Alaska Department of Public Health","Health and Behavioral Health","Fetal Alcohol Spectrum Disorder, FASD",On-Demand,*Online,Ongoing,Ongoing,,,0,,,,NA,"TBD, TBD",false,9999,9999,0,,,https://continuingstudies.alaska.edu/Registration.aspx?AffiliateID=6Q68Q3&FilterSectionIndex=929,https://continuingstudies.alaska.edu/Registration.aspx?AffiliateID=6Q68Q3,https://continuingstudies.alaska.edu/Registration.aspx?AffiliateID=6Q68Q3&FilterSectionIndex=929,https://continuingstudies.alaska.edu/Registration.aspx?AffiliateID=6Q68Q3,"Examine common scenarios of prenatal alcohol exposure (PAE)"
4107,1365,"Foundation of Peer Support Professionals","Health and Behavioral Health","Social Work, Foundations, Peer Support",On-Demand,*Online,Ongoing,Ongoing,,,0,,,,"Dustin Muse","Muse, Dustin",true,9992,9999,0,,,https://continuingstudies.alaska.edu/Registration.aspx?AffiliateID=6Q68Q3&FilterSectionIndex=4107,https://continuingstudies.alaska.edu/Registration.aspx?AffiliateID=6Q68Q3,https://continuingstudies.alaska.edu/Registration.aspx?AffiliateID=6Q68Q3&FilterSectionIndex=4107,https://continuingstudies.alaska.edu/Registration.aspx?AffiliateID=6Q68Q3,"Training on peer support history, values, and lived roles"
1713,902,"Gero Nurse Prep - AHCA/NCAL","Health and Behavioral Health","Nursing, Certification, ANCC",On-Demand,*Online,Ongoing,Ongoing,,,0,,,,"Instructor Varied","Varied, Instructor",false,9999,9999,0,,,https://continuingstudies.alaska.edu/Registration.aspx?AffiliateID=6Q68Q3&FilterSectionIndex=1713,https://continuingstudies.alaska.edu/Registration.aspx?AffiliateID=6Q68Q3,https://continuingstudies.alaska.edu/Registration.aspx?AffiliateID=6Q68Q3&FilterSectionIndex=1713,https://continuingstudies.alaska.edu/Registration.aspx?AffiliateID=6Q68Q3,"Prep for Gerontological Nursing with ANCC"
4227,1381,"Grief Literacy for School Social Workers: Supporting Students Experiencing Grief and Loss","Health and Behavioral Health","Grief, Social Work, Students",On-Demand,*Online,Ongoing,Ongoing,,,0,,,,"Mary Dallas Allen","Allen, Mary Dallas",true,9996,9999,0,,,https://continuingstudies.alaska.edu/Registration.aspx?AffiliateID=6Q68Q3&FilterSectionIndex=4227,https://continuingstudies.alaska.edu/Registration.aspx?AffiliateID=6Q68Q3,https://continuingstudies.alaska.edu/Registration.aspx?AffiliateID=6Q68Q3&FilterSectionIndex=4227,https://continuingstudies.alaska.edu/Registration.aspx?AffiliateID=6Q68Q3,"Improve your understanding of grief in working with students"
881,493,"Healthcare Provider Burnout: Prevalence, Consequences, and Solutions with Dr. Kari Bernard","Health and Behavioral Health","Burnout, Healthcare, Continuing Education",On-Demand,*Online,Ongoing,Ongoing,,,0,,,,"Katy Wright, Dustin Muse","Wright, Katy; Muse, Dustin",true,9959,9999,0,,,https://continuingstudies.alaska.edu/Registration.aspx?AffiliateID=6Q68Q3&FilterSectionIndex=881,https://continuingstudies.alaska.edu/Registration.aspx?AffiliateID=6Q68Q3,https://continuingstudies.alaska.edu/Registration.aspx?AffiliateID=6Q68Q3&FilterSectionIndex=881,https://continuingstudies.alaska.edu/Registration.aspx?AffiliateID=6Q68Q3,"A 5 Module Course on Healthcare Provider Burnout - CE available"
3787,1299,"How Peripheral Infection Triggers Brain Inflammation","Health and Behavioral Health",,,*Online,Ongoing,Ongoing,,,0,,,,"Instructor Varied","Varied, Instructor",false,9999,9999,0,,,https://continuingstudies.alaska.edu/Registration.aspx?AffiliateID=6Q68Q3&FilterSectionIndex=3787,https://continuingstudies.alaska.edu/Registration.aspx?AffiliateID=6Q68Q3,https://continuingstudies.alaska.edu/Registration.aspx?AffiliateID=6Q68Q3&FilterSectionIndex=3787,https://continuingstudies.alaska.edu/Registration.aspx?AffiliateID=6Q68Q3,"Learn more about PANDAS, focused towards providers!"
833,472,"Human Services Practicum Connection","University Access and College Success","Human Services, Human Services Practicum",On-Demand,,Ongoing,Ongoing,,,0,,,,"Eva Wilson, Seta Kabranian","Wilson, Eva; Kabranian, Seta",true,37,100,0,,,https://continuingstudies.alaska.edu/Registration.aspx?AffiliateID=6Q68Q3&FilterSectionIndex=833,https://continuingstudies.alaska.edu/Registration.aspx?AffiliateID=6Q68Q3,https://continuingstudies.alaska.edu/Registration.aspx?AffiliateID=6Q68Q3&FilterSectionIndex=833,https://continuingstudies.alaska.edu/Registration.aspx?AffiliateID=6Q68Q3,"Human Services Practicum Connection"
960,529,"Interprofessional Approaches to Fetal Alcohol Spectrum Disorders (FASD): Best Practices in Alaska","Health and Behavioral Health","Fetal Alcohol Spectrum Disorder, FASD, Continuing Education",On-Demand,*Online,Ongoing,Ongoing,,,0,,,,"Katy Wright, Dustin Muse","Wright, Katy; Muse, Dustin",true,9741,9999,0,,,https://continuingstudies.alaska.edu/Registration.aspx?AffiliateID=6Q68Q3&FilterSectionIndex=960,https://continuingstudies.alaska.edu/Registration.aspx?AffiliateID=6Q68Q3,https://continuingstudies.alaska.edu/Registration.aspx?AffiliateID=6Q68Q3&FilterSectionIndex=960,https://continuingstudies.alaska.edu/Registration.aspx?AffiliateID=6Q68Q3,"Asynchronous training based off the CDC FASD Development Guide."
3856,1312,"Medications for Addiction Treatment (MAT) Guide, 3rd Edition","Health and Behavioral Health",,On-Demand,*Online,Ongoing,Ongoing,,,0,,,,"Instructor Varied","Varied, Instructor",false,9999,9999,0,,,https://continuingstudies.alaska.edu/Registration.aspx?AffiliateID=6Q68Q3&FilterSectionIndex=3856,https://continuingstudies.alaska.edu/Registration.aspx?AffiliateID=6Q68Q3,https://continuingstudies.alaska.edu/Registration.aspx?AffiliateID=6Q68Q3&FilterSectionIndex=3856,https://continuingstudies.alaska.edu/Registration.aspx?AffiliateID=6Q68Q3,"New Alaska-based MAT Guide: Clear, Evidence-Based Resources"
1655,829,"Missing and Murdered Indigenous People Compassion Fatigue Training","Health and Behavioral Health","On-Demand, CME, Compassion Fatigue",On-Demand,*Online,Ongoing,Ongoing,,,0,,,,"Instructor Varied","Varied, Instructor",false,9999,9999,0,,,https://continuingstudies.alaska.edu/Registration.aspx?AffiliateID=6Q68Q3&FilterSectionIndex=1655,https://continuingstudies.alaska.edu/Registration.aspx?AffiliateID=6Q68Q3,https://continuingstudies.alaska.edu/Registration.aspx?AffiliateID=6Q68Q3&FilterSectionIndex=1655,https://continuingstudies.alaska.edu/Registration.aspx?AffiliateID=6Q68Q3,"Focused on the significant effects of compassion fatigue"
4039,1344,"MOUD in Alaska: From Theory to Practice","Health and Behavioral Health",MOUD,On-Demand,*Online,Ongoing,Ongoing,,,0,,,,"Bekah Meyer, Dustin Muse, Aaron Walbrecher","Meyer, Bekah; Muse, Dustin; Walbrecher, Aaron",true,9999,9999,0,,,https://continuingstudies.alaska.edu/Registration.aspx?AffiliateID=6Q68Q3&FilterSectionIndex=4039,https://continuingstudies.alaska.edu/Registration.aspx?AffiliateID=6Q68Q3,https://continuingstudies.alaska.edu/Registration.aspx?AffiliateID=6Q68Q3&FilterSectionIndex=4039,https://continuingstudies.alaska.edu/Registration.aspx?AffiliateID=6Q68Q3,"Part 3 of 3 with a focus on MOUD"
161,131,"NAADAC On-Demand Webinar Series","Health and Behavioral Health","Addiction, Recovery",On-Demand,,Ongoing,Ongoing,,,0,,,,"Instructor Varied","Varied, Instructor",false,9998,9999,0,,,https://continuingstudies.alaska.edu/Registration.aspx?AffiliateID=6Q68Q3&FilterSectionIndex=161,https://continuingstudies.alaska.edu/Registration.aspx?AffiliateID=6Q68Q3,https://continuingstudies.alaska.edu/Registration.aspx?AffiliateID=6Q68Q3&FilterSectionIndex=161,https://continuingstudies.alaska.edu/Registration.aspx?AffiliateID=6Q68Q3,"Webinars concerning addiction and recovery"
1320,665,"National Association of Social Workers - Alaska CE Opportunities","Health and Behavioral Health","NASW, Social Work, CE, On-Demand",On-Demand,*Online,Ongoing,Ongoing,,,0,,,,"Instructor Varied","Varied, Instructor",false,9999,9999,0,,,https://continuingstudies.alaska.edu/Registration.aspx?AffiliateID=6Q68Q3&FilterSectionIndex=1320,https://continuingstudies.alaska.edu/Registration.aspx?AffiliateID=6Q68Q3,https://continuingstudies.alaska.edu/Registration.aspx?AffiliateID=6Q68Q3&FilterSectionIndex=1320,https://continuingstudies.alaska.edu/Registration.aspx?AffiliateID=6Q68Q3,"NASW's Professional Development and Continuing Education Option"
297,216,"NC AHEC Diversity, Equity, and Inclusion (DEI) Modules for Primary Care Clinical and Non-Clinical Staff","Health and Behavioral Health","Diversity, Equity, Inclusion, CE",On-Demand,*Online,Ongoing,Ongoing,,,0,,,,NA,"TBD, TBD",false,9999,9999,0,,,https://continuingstudies.alaska.edu/Registration.aspx?AffiliateID=6Q68Q3&FilterSectionIndex=297,https://continuingstudies.alaska.edu/Registration.aspx?AffiliateID=6Q68Q3,https://continuingstudies.alaska.edu/Registration.aspx?AffiliateID=6Q68Q3&FilterSectionIndex=297,https://continuingstudies.alaska.edu/Registration.aspx?AffiliateID=6Q68Q3,"Earn CEs. Twelve Modules focusing on DEI to improve patient car"
1648,826,"New England Public Health Training Center - Introduction to HIPAA for CHWs","Health and Behavioral Health","HIPAA, Training, Online, CHW",On-Demand,*Online,Ongoing,Ongoing,,,0,,,,"Instructor Varied","Varied, Instructor",false,9999,9999,0,,,https://continuingstudies.alaska.edu/Registration.aspx?AffiliateID=6Q68Q3&FilterSectionIndex=1648,https://continuingstudies.alaska.edu/Registration.aspx?AffiliateID=6Q68Q3,https://continuingstudies.alaska.edu/Registration.aspx?AffiliateID=6Q68Q3&FilterSectionIndex=1648,https://continuingstudies.alaska.edu/Registration.aspx?AffiliateID=6Q68Q3,"Introduction to HIPAA for CHWs - Obtain CHES/MCHES!"
2916,1098,"NWCPHP Seven Directions’ Indigenous Evaluation Toolkit Training","Community Education and Personal Enrichment",,,*Online,Ongoing,Ongoing,,,0,,,,"Instructor Varied","Varied, Instructor",false,9996,9999,0,,,https://continuingstudies.alaska.edu/Registration.aspx?AffiliateID=6Q68Q3&FilterSectionIndex=2916,https://continuingstudies.alaska.edu/Registration.aspx?AffiliateID=6Q68Q3,https://continuingstudies.alaska.edu/Registration.aspx?AffiliateID=6Q68Q3&FilterSectionIndex=2916,https://continuingstudies.alaska.edu/Registration.aspx?AffiliateID=6Q68Q3,"NWCPHP offers free seven directions’ indigenous evaluation"
3218,1166,"P.A.C.T. Practical Approaches to Comprehensive Treatment of Pain","Health and Behavioral Health","Professional Training, Healthcare, Nursing, Opioid",On-Demand,*Online,Ongoing,Ongoing,,,0,,,,NA,"TBD, TBD",false,9999,9999,0,,,https://continuingstudies.alaska.edu/Registration.aspx?AffiliateID=6Q68Q3&FilterSectionIndex=3218,https://continuingstudies.alaska.edu/Registration.aspx?AffiliateID=6Q68Q3,https://continuingstudies.alaska.edu/Registration.aspx?AffiliateID=6Q68Q3&FilterSectionIndex=3218,https://continuingstudies.alaska.edu/Registration.aspx?AffiliateID=6Q68Q3,"Enhance pain care skills and tackle opioid abuse with P.A.C.T."
3788,1300,"PANDAS - Northwest Grand Rounds","Health and Behavioral Health",,On-Demand,*Online,Ongoing,Ongoing,,,0,,,,"Instructor Varied","Varied, Instructor",false,9999,9999,0,,,https://continuingstudies.alaska.edu/Registration.aspx?AffiliateID=6Q68Q3&FilterSectionIndex=3788,https://continuingstudies.alaska.edu/Registration.aspx?AffiliateID=6Q68Q3,https://continuingstudies.alaska.edu/Registration.aspx?AffiliateID=6Q68Q3&FilterSectionIndex=3788,https://continuingstudies.alaska.edu/Registration.aspx?AffiliateID=6Q68Q3,"Grand Rounds, with a focus on PANDAS/PANS"
10,10,"Part 1: Online Self Study Course - Alaska Comprehensive Forensic Training Academy (ACFTA)","Health and Behavioral Health","ACFTA, Forensic, Alaska",On-Demand,*Online,Ongoing,Ongoing,,,0,,,,"Angelia Trujillo","Trujillo, Angelia",false,9997,9999,0,,,https://continuingstudies.alaska.edu/Registration.aspx?AffiliateID=6Q68Q3&FilterSectionIndex=10,https://continuingstudies.alaska.edu/Registration.aspx?AffiliateID=6Q68Q3,https://continuingstudies.alaska.edu/Registration.aspx?AffiliateID=6Q68Q3&FilterSectionIndex=10,https://continuingstudies.alaska.edu/Registration.aspx?AffiliateID=6Q68Q3,"Learn trauma informed forensic evidence collection."
3784,1296,"Pediatric Autoimmune Neuropsychiatric Disorders Associated with Streptococcal Infections (PANDAS)","Health and Behavioral Health",,On-Demand,*Online,Ongoing,Ongoing,,,0,,,,"Instructor Varied","Varied, Instructor",false,9999,9999,0,,,https://continuingstudies.alaska.edu/Registration.aspx?AffiliateID=6Q68Q3&FilterSectionIndex=3784,https://continuingstudies.alaska.edu/Registration.aspx?AffiliateID=6Q68Q3,https://continuingstudies.alaska.edu/Registration.aspx?AffiliateID=6Q68Q3&FilterSectionIndex=3784,https://continuingstudies.alaska.edu/Registration.aspx?AffiliateID=6Q68Q3,"CE Available; learn about PANDAS from a provider standpoint"
1432,735,"Poetic Record: A Writing Workshop for Healthcare Workers","Health and Behavioral Health","Resilience, Community, Poetry, Communication","Live / Online",*Online,Ongoing,Ongoing,,,0,,,,"Instructor Varied","Varied, Instructor",false,9999,9999,0,,,https://continuingstudies.alaska.edu/Registration.aspx?AffiliateID=6Q68Q3&FilterSectionIndex=1432,https://continuingstudies.alaska.edu/Registration.aspx?AffiliateID=6Q68Q3,https://continuingstudies.alaska.edu/Registration.aspx?AffiliateID=6Q68Q3&FilterSectionIndex=1432,https://continuingstudies.alaska.edu/Registration.aspx?AffiliateID=6Q68Q3,"A community of healthcare Workers healing through poetry."
4028,1335,"Program Evaluation in Public Health","Health and Behavioral Health",,On-Demand,*Online,Ongoing,Ongoing,,,0,0,,$0.00,"Instructor Varied","Varied, Instructor",false,9999,9999,0,,,https://continuingstudies.alaska.edu/Registration.aspx?AffiliateID=6Q68Q3&FilterSectionIndex=4028,https://continuingstudies.alaska.edu/Registration.aspx?AffiliateID=6Q68Q3,https://continuingstudies.alaska.edu/Registration.aspx?AffiliateID=6Q68Q3&FilterSectionIndex=4028,https://continuingstudies.alaska.edu/Registration.aspx?AffiliateID=6Q68Q3,"Self-pace introduction to CDC's Program Evaluation Framework"
3557,1245,"Project Firstline - Infection Control Training for You","Health and Behavioral Health",,On-Demand,*Online,Ongoing,Ongoing,,,0,,,,"Instructor Varied","Varied, Instructor",false,9999,9999,0,,,https://continuingstudies.alaska.edu/Registration.aspx?AffiliateID=6Q68Q3&FilterSectionIndex=3557,https://continuingstudies.alaska.edu/Registration.aspx?AffiliateID=6Q68Q3,https://continuingstudies.alaska.edu/Registration.aspx?AffiliateID=6Q68Q3&FilterSectionIndex=3557,https://continuingstudies.alaska.edu/Registration.aspx?AffiliateID=6Q68Q3,"Microlearning with a focus on infection control"
2521,1016,"Providence Alaska Learning Institute","Health and Behavioral Health",,"Live / Online",*Online,Ongoing,Ongoing,,,0,,,,"Instructor Varied","Varied, Instructor",false,9999,9999,0,,,https://continuingstudies.alaska.edu/Registration.aspx?AffiliateID=6Q68Q3&FilterSectionIndex=2521,https://continuingstudies.alaska.edu/Registration.aspx?AffiliateID=6Q68Q3,https://continuingstudies.alaska.edu/Registration.aspx?AffiliateID=6Q68Q3&FilterSectionIndex=2521,https://continuingstudies.alaska.edu/Registration.aspx?AffiliateID=6Q68Q3,"Visit Providence Alaska's current education opportunities!"
15,15,"Provider Clinical Support System & Training Portal","Health and Behavioral Health","Addiction, Opioids, CME",On-Demand,,Ongoing,Ongoing,,,0,,,,"Instructor Varied","Varied, Instructor",false,9999,9999,0,,,https://continuingstudies.alaska.edu/Registration.aspx?AffiliateID=6Q68Q3&FilterSectionIndex=15,https://continuingstudies.alaska.edu/Registration.aspx?AffiliateID=6Q68Q3,https://continuingstudies.alaska.edu/Registration.aspx?AffiliateID=6Q68Q3&FilterSectionIndex=15,https://continuingstudies.alaska.edu/Registration.aspx?AffiliateID=6Q68Q3,
4109,1367,"Regulations and Standards of Billable Peer Support Services in Alaska","Health and Behavioral Health","Peer Support, Billing, Social Work",On-Demand,*Online,Ongoing,Ongoing,,,0,,,,"Dustin Muse","Muse, Dustin",true,9994,9999,0,,,https://continuingstudies.alaska.edu/Registration.aspx?AffiliateID=6Q68Q3&FilterSectionIndex=4109,https://continuingstudies.alaska.edu/Registration.aspx?AffiliateID=6Q68Q3,https://continuingstudies.alaska.edu/Registration.aspx?AffiliateID=6Q68Q3&FilterSectionIndex=4109,https://continuingstudies.alaska.edu/Registration.aspx?AffiliateID=6Q68Q3,"Alaska-focused peer supervisor training on Medicaid compliance"
1690,842,"Rural Primary Care Institute - On-Demand Webinar","Health and Behavioral Health","RHIHub, On-Demand, Rural, Provider",On-Demand,*Online,Ongoing,Ongoing,,,0,,,,"Instructor Varied","Varied, Instructor",false,9999,9999,0,,,https://continuingstudies.alaska.edu/Registration.aspx?AffiliateID=6Q68Q3&FilterSectionIndex=1690,https://continuingstudies.alaska.edu/Registration.aspx?AffiliateID=6Q68Q3,https://continuingstudies.alaska.edu/Registration.aspx?AffiliateID=6Q68Q3&FilterSectionIndex=1690,https://continuingstudies.alaska.edu/Registration.aspx?AffiliateID=6Q68Q3,"Technical assistance & education for rural healthcare providers"
3774,1291,"State of Alaska Presents: Tobacco Prevention and Control Program","Health and Behavioral Health",,On-Demand,*Online,Ongoing,Ongoing,,,0,,,,"Instructor Varied","Varied, Instructor",false,9999,9999,0,,,https://continuingstudies.alaska.edu/Registration.aspx?AffiliateID=6Q68Q3&FilterSectionIndex=3774,https://continuingstudies.alaska.edu/Registration.aspx?AffiliateID=6Q68Q3,https://continuingstudies.alaska.edu/Registration.aspx?AffiliateID=6Q68Q3&FilterSectionIndex=3774,https://continuingstudies.alaska.edu/Registration.aspx?AffiliateID=6Q68Q3,"Check out these smoking cessation resources from the AK DOH"
865,483,"SUITE Alaska - Module 1: Introduction to Alcohol and Substance Use Disorders","Health and Behavioral Health","substance use disorder, alcohol use disorder",On-Demand,*Online,Ongoing,Ongoing,,,2,,,,"Eva Wilson","Wilson, Eva",true,47,300,0,,,https://continuingstudies.alaska.edu/Registration.aspx?AffiliateID=6Q68Q3&FilterSectionIndex=865,https://continuingstudies.alaska.edu/Registration.aspx?AffiliateID=6Q68Q3,https://continuingstudies.alaska.edu/Registration.aspx?AffiliateID=6Q68Q3&FilterSectionIndex=865,https://continuingstudies.alaska.edu/Registration.aspx?AffiliateID=6Q68Q3,"Introduction to Alcohol and Substance Use Disorders"
866,484,"SUITE Alaska - Module 2: Overview of Opioids","Health and Behavioral Health","Substance Use Disorder, Alcohol Use Disorder",On-Demand,*Online,Ongoing,Ongoing,,,1,,,,"Eva Wilson","Wilson, Eva",true,103,300,0,,,https://continuingstudies.alaska.edu/Registration.aspx?AffiliateID=6Q68Q3&FilterSectionIndex=866,https://continuingstudies.alaska.edu/Registration.aspx?AffiliateID=6Q68Q3,https://continuingstudies.alaska.edu/Registration.aspx?AffiliateID=6Q68Q3&FilterSectionIndex=866,https://continuingstudies.alaska.edu/Registration.aspx?AffiliateID=6Q68Q3,"Overview of Opioids"
867,485,"SUITE Alaska - Module 3: Intoxication, Detoxification, and Withdrawal","Health and Behavioral Health","Substance Use Disorder, Alcohol Use Disorder",On-Demand,*Online,Ongoing,Ongoing,,,1,,,,"Eva Wilson","Wilson, Eva",true,96,300,0,,,https://continuingstudies.alaska.edu/Registration.aspx?AffiliateID=6Q68Q3&FilterSectionIndex=867,https://continuingstudies.alaska.edu/Registration.aspx?AffiliateID=6Q68Q3,https://continuingstudies.alaska.edu/Registration.aspx?AffiliateID=6Q68Q3&FilterSectionIndex=867,https://continuingstudies.alaska.edu/Registration.aspx?AffiliateID=6Q68Q3,"Intoxication, Detoxification, and Withdrawal module"
868,486,"SUITE Alaska - Module 4: Screening and Assessment","Health and Behavioral Health","Substance Use Disorder, Alcohol Use Disorder",On-Demand,*Online,Ongoing,Ongoing,,,1,,,,"Eva Wilson","Wilson, Eva",true,152,300,0,,,https://continuingstudies.alaska.edu/Registration.aspx?AffiliateID=6Q68Q3&FilterSectionIndex=868,https://continuingstudies.alaska.edu/Registration.aspx?AffiliateID=6Q68Q3,https://continuingstudies.alaska.edu/Registration.aspx?AffiliateID=6Q68Q3&FilterSectionIndex=868,https://continuingstudies.alaska.edu/Registration.aspx?AffiliateID=6Q68Q3,"AUD and SUD Screening and Assessment module"
869,487,"SUITE Alaska - Module 5: Motivational Interviewing and the Stages of Change","Health and Behavioral Health","Substance Use Disorder, Alcohol Use Disorder",On-Demand,*Online,Ongoing,Ongoing,,,1,,,,"Eva Wilson","Wilson, Eva",true,143,300,0,,,https://continuingstudies.alaska.edu/Registration.aspx?AffiliateID=6Q68Q3&FilterSectionIndex=869,https://continuingstudies.alaska.edu/Registration.aspx?AffiliateID=6Q68Q3,https://continuingstudies.alaska.edu/Registration.aspx?AffiliateID=6Q68Q3&FilterSectionIndex=869,https://continuingstudies.alaska.edu/Registration.aspx?AffiliateID=6Q68Q3,"SUD module on motivational interviewing and the stages of chang"
870,488,"SUITE Alaska - Module 6: Relapse Prevention","Health and Behavioral Health","Substance Use Disorder, Alcohol Use Disorder",On-Demand,*Online,Ongoing,Ongoing,,,1,,,,"Eva Wilson","Wilson, Eva",true,169,300,0,,,https://continuingstudies.alaska.edu/Registration.aspx?AffiliateID=6Q68Q3&FilterSectionIndex=870,https://continuingstudies.alaska.edu/Registration.aspx?AffiliateID=6Q68Q3,https://continuingstudies.alaska.edu/Registration.aspx?AffiliateID=6Q68Q3&FilterSectionIndex=870,https://continuingstudies.alaska.edu/Registration.aspx?AffiliateID=6Q68Q3,"SUD module on relapse prevention."
871,489,"SUITE Alaska - Module 7: Recovery Ethics in Substance Use Treatment","Health and Behavioral Health","Substance Use Disorder, Alcohol Use Disorder",On-Demand,*Online,Ongoing,Ongoing,,,1,,,,"Eva Wilson","Wilson, Eva",true,183,300,0,,,https://continuingstudies.alaska.edu/Registration.aspx?AffiliateID=6Q68Q3&FilterSectionIndex=871,https://continuingstudies.alaska.edu/Registration.aspx?AffiliateID=6Q68Q3,https://continuingstudies.alaska.edu/Registration.aspx?AffiliateID=6Q68Q3&FilterSectionIndex=871,https://continuingstudies.alaska.edu/Registration.aspx?AffiliateID=6Q68Q3,"Module on recovery ethics in SUD treatment."
872,490,"SUITE Alaska - Module 8: Culture and Culturally Informed Substance Use Treatment Practice","Health and Behavioral Health","Substance Use Disorder, Alcohol Use Disorder",On-Demand,*Online,Ongoing,Ongoing,,,1,,,,"Eva Wilson","Wilson, Eva",true,185,300,0,,,https://continuingstudies.alaska.edu/Registration.aspx?AffiliateID=6Q68Q3&FilterSectionIndex=872,https://continuingstudies.alaska.edu/Registration.aspx?AffiliateID=6Q68Q3,https://continuingstudies.alaska.edu/Registration.aspx?AffiliateID=6Q68Q3&FilterSectionIndex=872,https://continuingstudies.alaska.edu/Registration.aspx?AffiliateID=6Q68Q3,"Module on culturally informed SUD treatment practice."
3468,1223,"SUITE Alaska - Strengthening Families Framework sec. 2","Health and Behavioral Health",,On-Demand,*Online,Ongoing,Ongoing,,,0,0,,$0.00,"Eva Wilson","Wilson, Eva",false,300,300,0,,"Eva Wilson is point of contact egwilson@alaska.edu",https://continuingstudies.alaska.edu/Registration.aspx?AffiliateID=6Q68Q3&FilterSectionIndex=3468,https://continuingstudies.alaska.edu/Registration.aspx?AffiliateID=6Q68Q3,https://continuingstudies.alaska.edu/Registration.aspx?AffiliateID=6Q68Q3&FilterSectionIndex=3468,https://continuingstudies.alaska.edu/Registration.aspx?AffiliateID=6Q68Q3,"A brief introduction to the Strengthening Families framework."
1318,663,"The Menopause Transition: Optimally Protecting Emotional Health","Health and Behavioral Health","CME, On-Demand, Menopause, Mental Health",On-Demand,*Online,Ongoing,Ongoing,,,0,,,,"Instructor Varied","Varied, Instructor",false,9999,9999,0,,,https://continuingstudies.alaska.edu/Registration.aspx?AffiliateID=6Q68Q3&FilterSectionIndex=1318,https://continuingstudies.alaska.edu/Registration.aspx?AffiliateID=6Q68Q3,https://continuingstudies.alaska.edu/Registration.aspx?AffiliateID=6Q68Q3&FilterSectionIndex=1318,https://continuingstudies.alaska.edu/Registration.aspx?AffiliateID=6Q68Q3,"Earn CME and learn about protecting patients during menopause."
3526,1235,"University of Washington presents: Leadership Foundations Courses & Certificate Program","Health and Behavioral Health",,On-Demand,*Online,Ongoing,Ongoing,,,0,,,,"Instructor Varied","Varied, Instructor",false,9999,9999,0,,,https://continuingstudies.alaska.edu/Registration.aspx?AffiliateID=6Q68Q3&FilterSectionIndex=3526,https://continuingstudies.alaska.edu/Registration.aspx?AffiliateID=6Q68Q3,https://continuingstudies.alaska.edu/Registration.aspx?AffiliateID=6Q68Q3&FilterSectionIndex=3526,https://continuingstudies.alaska.edu/Registration.aspx?AffiliateID=6Q68Q3,"Leadership training for all health and safety professionals"
3527,1236,"University of Washington presents: Occupational Diseases Online Course (ODOC) Series: Compressive Neuropathies","Health and Behavioral Health",,On-Demand,*Online,Ongoing,Ongoing,,,0,,,,"Instructor Varied","Varied, Instructor",false,9999,9999,0,,,https://continuingstudies.alaska.edu/Registration.aspx?AffiliateID=6Q68Q3&FilterSectionIndex=3527,https://continuingstudies.alaska.edu/Registration.aspx?AffiliateID=6Q68Q3,https://continuingstudies.alaska.edu/Registration.aspx?AffiliateID=6Q68Q3&FilterSectionIndex=3527,https://continuingstudies.alaska.edu/Registration.aspx?AffiliateID=6Q68Q3,
2841,1061,"Weight Inclusive Care","Health and Behavioral Health",,On-Demand,*Online,Ongoing,Ongoing,,,0,,,,"Dustin Muse, Aaron Walbrecher","Muse, Dustin; Walbrecher, Aaron",true,9892,9999,0,,,https://continuingstudies.alaska.edu/Registration.aspx?AffiliateID=6Q68Q3&FilterSectionIndex=2841,https://continuingstudies.alaska.edu/Registration.aspx?AffiliateID=6Q68Q3,https://continuingstudies.alaska.edu/Registration.aspx?AffiliateID=6Q68Q3&FilterSectionIndex=2841,https://continuingstudies.alaska.edu/Registration.aspx?AffiliateID=6Q68Q3,"Inclusive Care for All Sizes of Bodies!"
3059,1123,"Workforce Empowerment & Engagement: Addressing Burnout and Compassion Fatigue","Health and Behavioral Health",,"Live / Online",*Online,Ongoing,Ongoing,,,0,,,,"Katy Wright, Bekah Meyer, Dustin Muse, Aaron Walbrecher","Wright, Katy; Meyer, Bekah; Muse, Dustin; Walbrecher, Aaron",true,9969,9999,0,,,https://continuingstudies.alaska.edu/Registration.aspx?AffiliateID=6Q68Q3&FilterSectionIndex=3059,https://continuingstudies.alaska.edu/Registration.aspx?AffiliateID=6Q68Q3,https://continuingstudies.alaska.edu/Registration.aspx?AffiliateID=6Q68Q3&FilterSectionIndex=3059,https://continuingstudies.alaska.edu/Registration.aspx?AffiliateID=6Q68Q3,"Develop knowledge and tools for compassion fatigue and burnout"
3060,1125,"Workforce Empowerment & Engagement: An Intergenerational Workforce","Health and Behavioral Health",,"Live / Online",*Online,Ongoing,Ongoing,,,0,,,,"Katy Wright, Bekah Meyer, Dustin Muse, Aaron Walbrecher","Wright, Katy; Meyer, Bekah; Muse, Dustin; Walbrecher, Aaron",true,9983,9999,0,,,https://continuingstudies.alaska.edu/Registration.aspx?AffiliateID=6Q68Q3&FilterSectionIndex=3060,https://continuingstudies.alaska.edu/Registration.aspx?AffiliateID=6Q68Q3,https://continuingstudies.alaska.edu/Registration.aspx?AffiliateID=6Q68Q3&FilterSectionIndex=3060,https://continuingstudies.alaska.edu/Registration.aspx?AffiliateID=6Q68Q3,"Develop knowledge and tools for intergenerational workforces"
3061,1127,"Workforce Empowerment & Engagement: Boundaries for Workplace Wellness","Health and Behavioral Health",,"Live / Online",*Online,Ongoing,Ongoing,,,0,,,,"Katy Wright, Bekah Meyer, Dustin Muse, Aaron Walbrecher","Wright, Katy; Meyer, Bekah; Muse, Dustin; Walbrecher, Aaron",true,9976,9999,0,,,https://continuingstudies.alaska.edu/Registration.aspx?AffiliateID=6Q68Q3&FilterSectionIndex=3061,https://continuingstudies.alaska.edu/Registration.aspx?AffiliateID=6Q68Q3,https://continuingstudies.alaska.edu/Registration.aspx?AffiliateID=6Q68Q3&FilterSectionIndex=3061,https://continuingstudies.alaska.edu/Registration.aspx?AffiliateID=6Q68Q3,"Develop knowledge and tools for healthy boundaries"
3062,1128,"Workforce Empowerment & Engagement: Defining Needs and Requests","Health and Behavioral Health",,"Live / Online",*Online,Ongoing,Ongoing,,,0,,,,"Katy Wright, Bekah Meyer, Dustin Muse, Aaron Walbrecher","Wright, Katy; Meyer, Bekah; Muse, Dustin; Walbrecher, Aaron",true,9980,9999,0,,,https://continuingstudies.alaska.edu/Registration.aspx?AffiliateID=6Q68Q3&FilterSectionIndex=3062,https://continuingstudies.alaska.edu/Registration.aspx?AffiliateID=6Q68Q3,https://continuingstudies.alaska.edu/Registration.aspx?AffiliateID=6Q68Q3&FilterSectionIndex=3062,https://continuingstudies.alaska.edu/Registration.aspx?AffiliateID=6Q68Q3,"Develop knowledge and tools for articulating needs"
3063,1129,"Workforce Empowerment & Engagement: Exploring Communication in the Workplace","Health and Behavioral Health",,"Live / Online",*Online,Ongoing,Ongoing,,,0,,,,"Katy Wright, Bekah Meyer, Dustin Muse, Aaron Walbrecher","Wright, Katy; Meyer, Bekah; Muse, Dustin; Walbrecher, Aaron",true,9974,9999,0,,,https://continuingstudies.alaska.edu/Registration.aspx?AffiliateID=6Q68Q3&FilterSectionIndex=3063,https://continuingstudies.alaska.edu/Registration.aspx?AffiliateID=6Q68Q3,https://continuingstudies.alaska.edu/Registration.aspx?AffiliateID=6Q68Q3&FilterSectionIndex=3063,https://continuingstudies.alaska.edu/Registration.aspx?AffiliateID=6Q68Q3,"Develop knowledge and tools for communication in the workplace"
3064,1124,"Workforce Empowerment & Engagement: Exploring Healthy Conflict","Health and Behavioral Health",,"Live / Online",*Online,Ongoing,Ongoing,,,0,,,,"Katy Wright, Bekah Meyer, Dustin Muse, Aaron Walbrecher","Wright, Katy; Meyer, Bekah; Muse, Dustin; Walbrecher, Aaron",true,9970,9999,0,,,https://continuingstudies.alaska.edu/Registration.aspx?AffiliateID=6Q68Q3&FilterSectionIndex=3064,https://continuingstudies.alaska.edu/Registration.aspx?AffiliateID=6Q68Q3,https://continuingstudies.alaska.edu/Registration.aspx?AffiliateID=6Q68Q3&FilterSectionIndex=3064,https://continuingstudies.alaska.edu/Registration.aspx?AffiliateID=6Q68Q3,"Develop knowledge and tools for conflict resolution"
3065,1126,"Workforce Empowerment & Engagement: Personalities and Work Styles","Health and Behavioral Health",,"Live / Online",*Online,Ongoing,Ongoing,,,0,,,,"Katy Wright, Bekah Meyer, Dustin Muse, Aaron Walbrecher","Wright, Katy; Meyer, Bekah; Muse, Dustin; Walbrecher, Aaron",true,9974,9999,0,,,https://continuingstudies.alaska.edu/Registration.aspx?AffiliateID=6Q68Q3&FilterSectionIndex=3065,https://continuingstudies.alaska.edu/Registration.aspx?AffiliateID=6Q68Q3,https://continuingstudies.alaska.edu/Registration.aspx?AffiliateID=6Q68Q3&FilterSectionIndex=3065,https://continuingstudies.alaska.edu/Registration.aspx?AffiliateID=6Q68Q3,"Develop tools for working with diverse personalities"
3573,1256,"DHA Presents: Nursing Grand Rounds On Demand","Health and Behavioral Health",,On-Demand,*Online,"Apr 18, 2025","Aug 16, 2026",2025-04-18T00:00:00,2026-08-16T00:00:00,0,,,,"Instructor Varied","Varied, Instructor",false,9999,9999,0,,,https://continuingstudies.alaska.edu/Registration.aspx?AffiliateID=6Q68Q3&FilterSectionIndex=3573,https://continuingstudies.alaska.edu/Registration.aspx?AffiliateID=6Q68Q3,https://continuingstudies.alaska.edu/Registration.aspx?AffiliateID=6Q68Q3&FilterSectionIndex=3573,https://continuingstudies.alaska.edu/Registration.aspx?AffiliateID=6Q68Q3,"Free, on-demand CE credit for Nurses"
4589,1271,"Ethics in DSM Practice - March 20 2026 - Rasmuson Hall","Health and Behavioral Health","Ethics, DSM, Mindfulness, Trauma","Live / In-Person",Anchorage,"Mar 20, 2026","Mar 20, 2026",2026-03-20T00:00:00,2026-03-20T00:00:00,0,75,,$75.00,"Vanessa Meade","Meade, Vanessa",true,97,100,0,"Friday: 12:00 PM - 03:00 PM.<br/>Room: RH 220","Where: Rasmuson Hall Room 220 | 12pm-3pm AKT",https://continuingstudies.alaska.edu/Registration.aspx?AffiliateID=6Q68Q3&FilterSectionIndex=4589,https://continuingstudies.alaska.edu/Registration.aspx?AffiliateID=6Q68Q3,https://continuingstudies.alaska.edu/Registration.aspx?AffiliateID=6Q68Q3&FilterSectionIndex=4589,https://continuingstudies.alaska.edu/Registration.aspx?AffiliateID=6Q68Q3,"Join us for these learning opportunities by Dr. Meade"
4207,1376,"Mental Health First Aid for Older Adults - March 23 2026 - Fairbanks","Health and Behavioral Health","Mental Health, Substance Use, Older Adult, Support","Live / In-Person",Fairbanks,"Mar 23, 2026","Mar 23, 2026",2026-03-23T00:00:00,2026-03-23T00:00:00,0,0,,$0.00,"Instructor Varied","Varied, Instructor",true,24,30,0,,,https://continuingstudies.alaska.edu/Registration.aspx?AffiliateID=6Q68Q3&FilterSectionIndex=4207,https://continuingstudies.alaska.edu/Registration.aspx?AffiliateID=6Q68Q3,https://continuingstudies.alaska.edu/Registration.aspx?AffiliateID=6Q68Q3&FilterSectionIndex=4207,https://continuingstudies.alaska.edu/Registration.aspx?AffiliateID=6Q68Q3,"Mental Health First Aid training focused on Older Adults"
4537,1359,"Coronal Polishing Course - March 2026","Health and Behavioral Health","Dental, Hygiene, coronal","Live / In-Person",Anchorage,"Mar 24, 2026","Mar 29, 2026",2026-03-24T00:00:00,2026-03-29T00:00:00,0,,,,"Instructor Varied","Varied, Instructor",true,11,12,0,,,https://continuingstudies.alaska.edu/Registration.aspx?AffiliateID=6Q68Q3&FilterSectionIndex=4537,https://continuingstudies.alaska.edu/Registration.aspx?AffiliateID=6Q68Q3,https://continuingstudies.alaska.edu/Registration.aspx?AffiliateID=6Q68Q3&FilterSectionIndex=4537,https://continuingstudies.alaska.edu/Registration.aspx?AffiliateID=6Q68Q3,"Dental professionals, don't let this opportunity slip by!"
4263,1400,"Transforming Touch - Part 1 - April 8-13, 2026","Health and Behavioral Health","Trauma, Healing, Transforming, Touch","Live / In-Person",Anchorage,"Apr 8, 2026","Apr 13, 2026",2026-04-08T00:00:00,2026-04-13T00:00:00,0,,,,"Instructor Varied","Varied, Instructor",false,30,30,0,,"When: April 8-13, 2026",https://continuingstudies.alaska.edu/Registration.aspx?AffiliateID=6Q68Q3&FilterSectionIndex=4263,https://continuingstudies.alaska.edu/Registration.aspx?AffiliateID=6Q68Q3,https://continuingstudies.alaska.edu/Registration.aspx?AffiliateID=6Q68Q3&FilterSectionIndex=4263,https://continuingstudies.alaska.edu/Registration.aspx?AffiliateID=6Q68Q3,"A Body-Based Approach to Healing Developmental Trauma"
4275,1404,"Adult Mental Health First Aid 2026 - April 27 2026 - Bethel","Health and Behavioral Health","MHFA, Mental Health, First Aid","Live / In-Person",Bethel,"Apr 27, 2026","Apr 27, 2026",2026-04-27T00:00:00,2026-04-27T00:00:00,0,,,,"Dustin Muse, Gloria Burnett","Muse, Dustin; Burnett, Gloria",true,30,30,0,,"When: April 27, 2026 | 9:00am - 5:00pm Where: Bethel (final location pending)",https://continuingstudies.alaska.edu/Registration.aspx?AffiliateID=6Q68Q3&FilterSectionIndex=4275,https://continuingstudies.alaska.edu/Registration.aspx?AffiliateID=6Q68Q3,https://continuingstudies.alaska.edu/Registration.aspx?AffiliateID=6Q68Q3&FilterSectionIndex=4275,https://continuingstudies.alaska.edu/Registration.aspx?AffiliateID=6Q68Q3,"CE Available. Join this Adult Mental Health First Aid training!"
4260,1399,"ACFTA Live Sessions 2026 - May 5-7, 2026 (Remote via Zoom)","Health and Behavioral Health","ACFTA, Forensic, Alaska",,*Online,"May 5, 2026","May 7, 2026",2026-05-05T00:00:00,2026-05-07T00:00:00,0,75,,$75.00,"Angelia Trujillo","Trujillo, Angelia",true,18,24,0,,"This registration is for the live session. The online session (Part 1) must be complete at least 2 days prior to the live session. This course is in May 5-7 2026, from 8am-5pm.",https://continuingstudies.alaska.edu/Registration.aspx?AffiliateID=6Q68Q3&FilterSectionIndex=4260,https://continuingstudies.alaska.edu/Registration.aspx?AffiliateID=6Q68Q3,https://continuingstudies.alaska.edu/Registration.aspx?AffiliateID=6Q68Q3&FilterSectionIndex=4260,https://continuingstudies.alaska.edu/Registration.aspx?AffiliateID=6Q68Q3,"Learn trauma informed forensic evidence collection."
4276,1404,"Adult Mental Health First Aid 2026 - May 18 2026 - Kodiak","Health and Behavioral Health","MHFA, Mental Health, First Aid","Live / In-Person",Kodiak,"May 18, 2026","May 18, 2026",2026-05-18T00:00:00,2026-05-18T00:00:00,0,,,,"Instructor Varied","Varied, Instructor",true,30,30,0,,"When: May 18, 2026 | 9:00am - 5:00pm Where: Kodiak (final location pending)",https://continuingstudies.alaska.edu/Registration.aspx?AffiliateID=6Q68Q3&FilterSectionIndex=4276,https://continuingstudies.alaska.edu/Registration.aspx?AffiliateID=6Q68Q3,https://continuingstudies.alaska.edu/Registration.aspx?AffiliateID=6Q68Q3&FilterSectionIndex=4276,https://continuingstudies.alaska.edu/Registration.aspx?AffiliateID=6Q68Q3,"CE Available. Join this Adult Mental Health First Aid training!"
4277,1405,"Youth Mental Health First Aid 2026 - June 22 2026 - Virtual","Health and Behavioral Health","YMHFA, MHFA, Mental Health, First Aid, Youth","Live / Online",*Online,"Jun 22, 2026","Jun 22, 2026",2026-06-22T00:00:00,2026-06-22T00:00:00,0,,,,"Instructor Varied","Varied, Instructor",true,26,30,0,,"When: June 22 2026 | 9:00am - 4:00pm Where: Virtual via Zoom",https://continuingstudies.alaska.edu/Registration.aspx?AffiliateID=6Q68Q3&FilterSectionIndex=4277,https://continuingstudies.alaska.edu/Registration.aspx?AffiliateID=6Q68Q3,https://continuingstudies.alaska.edu/Registration.aspx?AffiliateID=6Q68Q3&FilterSectionIndex=4277,https://continuingstudies.alaska.edu/Registration.aspx?AffiliateID=6Q68Q3,"CE available for this Youth Mental Health First Aid training!"
4264,1400,"Transforming Touch - Part 2 - October 7-12, 2026","Health and Behavioral Health","Trauma, Healing, Transforming, Touch","Live / In-Person",Anchorage,"Oct 7, 2026","Oct 12, 2026",2026-10-07T00:00:00,2026-10-12T00:00:00,0,,,,"Instructor Varied","Varied, Instructor",false,30,30,0,,"When: October 7-12, 2026",https://continuingstudies.alaska.edu/Registration.aspx?AffiliateID=6Q68Q3&FilterSectionIndex=4264,https://continuingstudies.alaska.edu/Registration.aspx?AffiliateID=6Q68Q3,https://continuingstudies.alaska.edu/Registration.aspx?AffiliateID=6Q68Q3&FilterSectionIndex=4264,https://continuingstudies.alaska.edu/Registration.aspx?AffiliateID=6Q68Q3,"A Body-Based Approach to Healing Developmental Trauma"
